{"cameraMode":{"drawMode":0,"name":"Shaded","section":"Shading Mode"},"sceneLighting":true,"audioPlay":false,"sceneViewState":{"m_AlwaysRefresh":false,"showFog":true,"showSkybox":true,"showFlares":true,"showImageEffects":true,"showParticleSystems":true,"showVisualEffectGraphs":true,"m_FxEnabled":true},"in2DMode":false,"pivot":{"x":-0.4569835662841797,"y":-0.045477867126464847,"z":-9.553407669067383},"rotation":{"x":-0.02136841043829918,"y":0.9784525036811829,"z":-0.15419967472553254,"w":-0.13559001684188844},"size":12.12435531616211,"orthographic":false}